Priority,Document Code,Subject,Requestor,Process Status,Task Decision,Location,Ball In Court,Due Date
Low Priority1,F001,Subject001,Requestor001,Status001,Task001,Location001,User001,11/26/2022
Low Priority2,F002,Subject002,Requestor002,Status002,Task002,Location002,User002,11/27/2022
Low Priority3,F003,Subject003,Requestor003,Status003,Task003,Location003,User003,11/28/2022
Low Priority4,F004,Subject004,Requestor004,Status004,Task004,Location004,User004,11/29/2022
Low Priority5,F005,Subject005,Requestor005,Status005,Task005,Location005,User005,11/30/2022
Low Priority6,F006,Subject006,Requestor006,Status006,Task006,Location006,User006,12/1/2022
Low Priority7,F007,Subject007,Requestor007,Status007,Task007,Location007,User007,12/2/2022
Low Priority8,F008,Subject008,Requestor008,Status008,Task008,Location008,User008,12/3/2022
Low Priority9,F009,Subject009,Requestor009,Status009,Task009,Location009,User009,12/4/2022
Low Priority10,F010,Subject010,Requestor010,Status010,Task010,Location010,User010,12/5/2022
